train_condition,run_id,test_set,test_accuracy,test_accuracy_percent,correct_predictions,wrong_predictions,total_samples,box_accuracy_percent,cylinder_accuracy_percent,sphere_accuracy_percent,confusion_matrix_path,prediction_path
clean_trained_xyz,1,ycb28,0.8125,81.25,455,105,560,88.88888888888889,59.375,90.9090909090909,/content/drive/MyDrive/PointNet_APS_Project_V2/results_final_xyz/ycb28_confusion_matrices/clean_trained_xyz_run_1_ycb28_confusion_matrix.csv,/content/drive/MyDrive/PointNet_APS_Project_V2/results_final_xyz/ycb28_results/clean_trained_xyz_run_1_ycb28_predictions.csv
clean_trained_xyz,2,ycb28,0.8339285714285715,83.39285714285715,467,93,560,83.33333333333334,73.125,90.9090909090909,/content/drive/MyDrive/PointNet_APS_Project_V2/results_final_xyz/ycb28_confusion_matrices/clean_trained_xyz_run_2_ycb28_confusion_matrix.csv,/content/drive/MyDrive/PointNet_APS_Project_V2/results_final_xyz/ycb28_results/clean_trained_xyz_run_2_ycb28_predictions.csv
clean_trained_xyz,3,ycb28,0.8285714285714286,82.85714285714286,464,96,560,87.22222222222223,66.875,90.9090909090909,/content/drive/MyDrive/PointNet_APS_Project_V2/results_final_xyz/ycb28_confusion_matrices/clean_trained_xyz_run_3_ycb28_confusion_matrix.csv,/content/drive/MyDrive/PointNet_APS_Project_V2/results_final_xyz/ycb28_results/clean_trained_xyz_run_3_ycb28_predictions.csv
error_trained_xyz,1,ycb28,0.8553571428571428,85.53571428571428,479,81,560,91.66666666666666,71.25,90.9090909090909,/content/drive/MyDrive/PointNet_APS_Project_V2/results_final_xyz/ycb28_confusion_matrices/error_trained_xyz_run_1_ycb28_confusion_matrix.csv,/content/drive/MyDrive/PointNet_APS_Project_V2/results_final_xyz/ycb28_results/error_trained_xyz_run_1_ycb28_predictions.csv
error_trained_xyz,2,ycb28,0.9053571428571429,90.53571428571429,507,53,560,88.88888888888889,91.875,90.9090909090909,/content/drive/MyDrive/PointNet_APS_Project_V2/results_final_xyz/ycb28_confusion_matrices/error_trained_xyz_run_2_ycb28_confusion_matrix.csv,/content/drive/MyDrive/PointNet_APS_Project_V2/results_final_xyz/ycb28_results/error_trained_xyz_run_2_ycb28_predictions.csv
error_trained_xyz,3,ycb28,0.8607142857142858,86.07142857142858,482,78,560,83.33333333333334,82.5,90.9090909090909,/content/drive/MyDrive/PointNet_APS_Project_V2/results_final_xyz/ycb28_confusion_matrices/error_trained_xyz_run_3_ycb28_confusion_matrix.csv,/content/drive/MyDrive/PointNet_APS_Project_V2/results_final_xyz/ycb28_results/error_trained_xyz_run_3_ycb28_predictions.csv
mixed_trained_xyz,1,ycb28,0.9107142857142857,91.07142857142857,510,50,560,95.55555555555556,86.25,90.9090909090909,/content/drive/MyDrive/PointNet_APS_Project_V2/results_final_xyz/ycb28_confusion_matrices/mixed_trained_xyz_run_1_ycb28_confusion_matrix.csv,/content/drive/MyDrive/PointNet_APS_Project_V2/results_final_xyz/ycb28_results/mixed_trained_xyz_run_1_ycb28_predictions.csv
mixed_trained_xyz,2,ycb28,0.9017857142857143,90.17857142857143,505,55,560,90.0,89.375,90.9090909090909,/content/drive/MyDrive/PointNet_APS_Project_V2/results_final_xyz/ycb28_confusion_matrices/mixed_trained_xyz_run_2_ycb28_confusion_matrix.csv,/content/drive/MyDrive/PointNet_APS_Project_V2/results_final_xyz/ycb28_results/mixed_trained_xyz_run_2_ycb28_predictions.csv
mixed_trained_xyz,3,ycb28,0.8714285714285714,87.14285714285714,488,72,560,91.66666666666666,76.875,90.9090909090909,/content/drive/MyDrive/PointNet_APS_Project_V2/results_final_xyz/ycb28_confusion_matrices/mixed_trained_xyz_run_3_ycb28_confusion_matrix.csv,/content/drive/MyDrive/PointNet_APS_Project_V2/results_final_xyz/ycb28_results/mixed_trained_xyz_run_3_ycb28_predictions.csv
