run_id,epoch,train_loss,train_accuracy_percent,val_loss,val_accuracy_percent,best_val_accuracy_percent,best_val_loss,best_epoch,patience_counter
1,1,0.695593860447911,69.03553299492386,0.45487375574186445,71.16666666666667,71.16666666666667,0.45487375574186445,1,0
1,2,1.9258014688838758,68.95093062605753,0.43738270875533336,73.83333333333333,73.83333333333333,0.43738270875533336,2,0
1,3,1.7332007877919475,70.98138747884941,0.5108788698876613,72.16666666666667,73.83333333333333,0.43738270875533336,2,1
1,4,1.0539138756831083,71.40439932318104,0.5099273657721678,71.0,73.83333333333333,0.43738270875533336,2,2
1,5,2.2138913357015793,70.72758037225042,0.45779111183923843,73.5,73.83333333333333,0.43738270875533336,2,3
1,6,1.5802167491662724,72.92724196277496,0.5092284538347747,71.33333333333334,73.83333333333333,0.43738270875533336,2,4
1,7,1.416428261097716,70.05076142131979,0.4389731552026862,75.0,75.0,0.4389731552026862,7,0
1,8,1.7450810945175224,69.28934010152284,0.5430435313781101,72.0,75.0,0.4389731552026862,7,1
1,9,1.0407686479099714,71.99661590524535,0.7289331777890523,70.5,75.0,0.4389731552026862,7,2
1,10,2.183348867191276,69.62774957698815,0.6046990839640299,72.66666666666667,75.0,0.4389731552026862,7,3
1,11,2.1526736971085447,70.81218274111674,0.7177976218859354,71.0,75.0,0.4389731552026862,7,4
1,12,1.646579303918958,71.99661590524535,0.8696686164538066,71.33333333333334,75.0,0.4389731552026862,7,5
1,13,1.4615374668903158,72.67343485617597,0.6477768357594808,72.16666666666667,75.0,0.4389731552026862,7,6
1,14,1.1985897369392835,72.50423011844332,0.45312840104103086,75.66666666666667,75.66666666666667,0.45312840104103086,14,0
1,15,3.0815414345607337,69.62774957698815,0.4536416284243266,75.33333333333333,75.66666666666667,0.45312840104103086,14,1
1,16,1.0899768086456,71.31979695431471,0.7937872258822123,71.66666666666667,75.66666666666667,0.45312840104103086,14,2
1,17,2.9360976588302456,69.62774957698815,0.4731963900725047,75.5,75.66666666666667,0.45312840104103086,14,3
1,18,1.4010106360448396,70.47377326565145,0.5155583532651266,74.33333333333333,75.66666666666667,0.45312840104103086,14,4
1,19,1.5484532268620184,71.91201353637902,0.5353831911087036,72.0,75.66666666666667,0.45312840104103086,14,5
1,20,2.001514507025833,72.92724196277496,0.543657054901123,74.66666666666667,75.66666666666667,0.45312840104103086,14,6
1,21,2.0271768748457664,71.06598984771574,0.6100359757741293,74.5,75.66666666666667,0.45312840104103086,14,7
1,22,2.0860374671755304,71.65820642978004,0.504682654539744,74.0,75.66666666666667,0.45312840104103086,14,8
1,23,2.2653476465777094,70.55837563451777,0.5090791360537211,74.66666666666667,75.66666666666667,0.45312840104103086,14,9
1,24,2.0080890008035652,71.74280879864637,0.5283773096402486,73.0,75.66666666666667,0.45312840104103086,14,10
1,25,1.4981440075258716,72.92724196277496,0.5475226632754008,75.66666666666667,75.66666666666667,0.45312840104103086,14,11
1,26,1.803448473136437,72.08121827411168,0.6731573971112569,72.66666666666667,75.66666666666667,0.45312840104103086,14,12
1,27,2.411593921293462,71.15059221658207,0.43639469583829243,74.66666666666667,75.66666666666667,0.45312840104103086,14,13
1,28,2.027124625827657,72.41962774957699,0.581917450428009,74.16666666666667,75.66666666666667,0.45312840104103086,14,14
1,29,1.1483948886293647,71.74280879864637,0.4625443196296692,76.16666666666667,76.16666666666667,0.4625443196296692,29,0
1,30,1.0792932763519223,72.7580372250423,0.3979352839787801,75.5,76.16666666666667,0.4625443196296692,29,1
1,31,1.4373804085498736,72.41962774957699,0.45293964505195616,76.0,76.16666666666667,0.4625443196296692,29,2
1,32,1.1965000845756628,73.43485617597293,0.525292051633199,73.66666666666667,76.16666666666667,0.4625443196296692,29,3
1,33,2.2355835468030825,71.57360406091371,0.42769115686416626,75.66666666666667,76.16666666666667,0.4625443196296692,29,4
1,34,2.0746073182262545,72.7580372250423,0.42479435364405316,76.0,76.16666666666667,0.4625443196296692,29,5
1,35,1.0390162786654813,71.8274111675127,0.5645885149637858,73.33333333333333,76.16666666666667,0.4625443196296692,29,6
1,36,1.86592980604083,72.25042301184433,0.6462700478235881,75.0,76.16666666666667,0.4625443196296692,29,7
1,37,2.341734099231799,70.47377326565145,0.451392906109492,74.66666666666667,76.16666666666667,0.4625443196296692,29,8
1,38,2.0942817024773146,71.06598984771574,1.150547841389974,69.16666666666667,76.16666666666667,0.4625443196296692,29,9
1,39,2.0221110392746384,72.33502538071066,0.4046644989649455,78.16666666666666,78.16666666666666,0.4046644989649455,39,0
1,40,1.714753612850725,71.8274111675127,0.47143921852111814,76.33333333333333,78.16666666666666,0.4046644989649455,39,1
1,41,2.4734414717065905,71.91201353637902,0.5402756150563558,73.33333333333333,78.16666666666666,0.4046644989649455,39,2
1,42,2.5879031320917223,69.79695431472082,0.4349389640490214,76.83333333333333,78.16666666666666,0.4046644989649455,39,3
1,43,1.6130582480462876,72.7580372250423,0.4339822463194529,76.33333333333333,78.16666666666666,0.4046644989649455,39,4
1,44,1.2997823329343006,71.48900169204738,0.6100047906239827,73.66666666666667,78.16666666666666,0.4046644989649455,39,5
1,45,2.0169029587819893,71.40439932318104,0.5692405796051025,73.66666666666667,78.16666666666666,0.4046644989649455,39,6
1,46,1.9344472382879498,71.91201353637902,0.5715860255559285,75.5,78.16666666666666,0.4046644989649455,39,7
1,47,1.610708420046695,72.165820642978,0.47586830377578737,76.16666666666667,78.16666666666666,0.4046644989649455,39,8
1,48,3.5854921370694277,70.98138747884941,0.4552217896779378,75.16666666666667,78.16666666666666,0.4046644989649455,39,9
1,49,1.797735347738726,73.26565143824027,0.5940138379732768,74.5,78.16666666666666,0.4046644989649455,39,10
1,50,2.173436186035272,70.72758037225042,0.3970727761586507,76.66666666666667,78.16666666666666,0.4046644989649455,39,11
1,51,1.5948329659686273,70.72758037225042,0.40687832196553547,77.66666666666666,78.16666666666666,0.4046644989649455,39,12
1,52,2.3062925124934885,71.48900169204738,0.4317954667409261,76.33333333333333,78.16666666666666,0.4046644989649455,39,13
1,53,0.9576883999829365,71.91201353637902,0.41325647036234536,79.5,79.5,0.41325647036234536,53,0
1,54,2.419821484036454,72.7580372250423,0.6297927562395732,75.0,79.5,0.41325647036234536,53,1
1,55,3.135017142985678,71.15059221658207,0.49928427855173746,76.5,79.5,0.41325647036234536,53,2
1,56,1.355414143371098,73.09644670050761,0.6695068605740865,72.5,79.5,0.41325647036234536,53,3
1,57,2.0951416798553693,71.99661590524535,0.44017089168230694,76.66666666666667,79.5,0.41325647036234536,53,4
1,58,1.7413034642811758,73.3502538071066,0.55955020348231,76.66666666666667,79.5,0.41325647036234536,53,5
1,59,2.971879980890884,73.43485617597293,0.5899297070503234,72.83333333333334,79.5,0.41325647036234536,53,6
1,60,1.4753384709660777,71.31979695431471,0.4407045245170593,78.0,79.5,0.41325647036234536,53,7
1,61,1.4498881010335511,73.51945854483925,0.39781486431757607,76.5,79.5,0.41325647036234536,53,8
1,62,0.9479263547915089,73.77326565143824,0.49137027581532794,76.0,79.5,0.41325647036234536,53,9
1,63,1.0225674983006847,74.02707275803722,0.3998593680063883,79.33333333333333,79.5,0.41325647036234536,53,10
1,64,1.1973933469623883,74.45008460236888,0.530331970055898,75.16666666666667,79.5,0.41325647036234536,53,11
1,65,2.384557827575961,73.51945854483925,0.48536440134048464,75.66666666666667,79.5,0.41325647036234536,53,12
1,66,1.5928970064003456,72.25042301184433,0.37443098227183025,78.5,79.5,0.41325647036234536,53,13
1,67,2.053029189860155,73.51945854483925,0.39118767221768697,78.0,79.5,0.41325647036234536,53,14
1,68,1.0746127875323224,74.95769881556683,0.458480904897054,78.5,79.5,0.41325647036234536,53,15
1,69,2.801503364507317,73.9424703891709,0.5715735610326131,74.16666666666667,79.5,0.41325647036234536,53,16
1,70,1.3882764848154006,72.67343485617597,0.6826982982953389,74.5,79.5,0.41325647036234536,53,17
1,71,1.057697090501511,72.84263959390863,0.5111152839660644,77.5,79.5,0.41325647036234536,53,18
1,72,1.7538079426776738,73.18104906937394,0.4382241717974345,76.66666666666667,79.5,0.41325647036234536,53,19
1,73,1.7303834840932675,74.45008460236888,0.4136121892929077,78.66666666666666,79.5,0.41325647036234536,53,20
2,1,0.7096702645071065,65.22842639593908,0.7120533003578505,66.83333333333333,66.83333333333333,0.7120533003578505,1,0
2,2,1.2554672464299725,66.92047377326566,0.5834432380748525,73.0,73.0,0.5834432380748525,2,0
2,3,0.7329990446264973,69.54314720812182,0.6287514372666677,72.0,73.0,0.5834432380748525,2,1
2,4,1.6277959077491373,70.72758037225042,0.8819041277964902,71.33333333333334,73.0,0.5834432380748525,2,2
2,5,1.9180788366524297,68.18950930626058,0.46864777564255905,73.5,73.5,0.46864777564255905,5,0
2,6,1.6096876675102312,70.38917089678512,0.5958180564641835,71.5,73.5,0.46864777564255905,5,1
2,7,1.8062504010051237,70.72758037225042,0.5063560610887657,74.33333333333333,74.33333333333333,0.5063560610887657,7,0
2,8,1.0870796431442202,71.91201353637902,0.5253041334574519,73.83333333333333,74.33333333333333,0.5063560610887657,7,1
2,9,2.0078168367169633,69.20473773265653,0.5212729881190451,73.16666666666667,74.33333333333333,0.5063560610887657,7,2
2,10,1.7497253356447882,69.7123519458545,0.6105829558769862,70.33333333333334,74.33333333333333,0.5063560610887657,7,3
2,11,1.342826274748381,71.2351945854484,0.6231468649705248,75.66666666666667,75.66666666666667,0.6231468649705248,11,0
2,12,0.6976545760675937,72.41962774957699,0.48059040982454265,76.0,76.0,0.48059040982454265,12,0
2,13,2.086999699145606,68.95093062605753,0.6693425226211548,72.16666666666667,76.0,0.48059040982454265,12,1
2,14,1.1732573477951604,69.88155668358715,0.4818535296075938,74.33333333333333,76.0,0.48059040982454265,12,2
2,15,1.0829669269410083,70.13536379018612,0.674706570704778,72.66666666666667,76.0,0.48059040982454265,12,3
2,16,1.42357410150131,68.35871404399323,0.5228289578357816,74.33333333333333,76.0,0.48059040982454265,12,4
2,17,2.484940382379364,70.30456852791879,0.7185360169410697,73.16666666666667,76.0,0.48059040982454265,12,5
2,18,1.869955133363075,70.98138747884941,0.4835880684852555,75.0,76.0,0.48059040982454265,12,6
2,19,1.0414075383478414,70.72758037225042,0.5006754712187936,76.66666666666667,76.66666666666667,0.5006754712187936,19,0
2,20,1.1904861769700414,70.05076142131979,0.5808038584391276,74.5,76.66666666666667,0.5006754712187936,19,1
2,21,1.81922662772503,71.74280879864637,0.49830499549706625,73.5,76.66666666666667,0.5006754712187936,19,2
2,22,3.5111202552233856,68.8663282571912,0.4866993876291648,75.33333333333333,76.66666666666667,0.5006754712187936,19,3
2,23,1.0406736540411128,70.89678510998309,0.42405213312815004,78.0,78.0,0.42405213312815004,23,0
2,24,0.8833114714085954,69.7123519458545,0.48694136798381804,77.16666666666666,78.0,0.42405213312815004,23,1
2,25,1.3137617612449852,72.33502538071066,0.5284945182003616,77.66666666666666,78.0,0.42405213312815004,23,2
2,26,1.8203979869784437,73.09644670050761,0.45522713164482376,77.66666666666666,78.0,0.42405213312815004,23,3
2,27,0.9673438970308417,70.47377326565145,0.44724707961081756,77.66666666666666,78.0,0.42405213312815004,23,4
2,28,1.0588464887715032,71.99661590524535,0.5948006455103556,74.83333333333333,78.0,0.42405213312815004,23,5
2,29,1.893992338335857,69.7123519458545,0.6690556693077088,74.66666666666667,78.0,0.42405213312815004,23,6
2,30,0.9702378922660541,73.09644670050761,0.40337057328238934,80.83333333333333,80.83333333333333,0.40337057328238934,30,0
2,31,0.8914425894491967,71.40439932318104,0.6667308443784711,75.5,80.83333333333333,0.40337057328238934,30,1
2,32,1.0628942344999555,71.57360406091371,0.6143358200788498,75.5,80.83333333333333,0.40337057328238934,30,2
2,33,2.044031546503154,70.47377326565145,0.8613787682851156,73.66666666666667,80.83333333333333,0.40337057328238934,30,3
2,34,1.1554766417860782,71.48900169204738,0.6387908395131429,76.83333333333333,80.83333333333333,0.40337057328238934,30,4
2,35,3.50286812871039,70.98138747884941,0.9982510733604432,72.83333333333334,80.83333333333333,0.40337057328238934,30,5
2,36,1.0408951534232513,71.31979695431471,0.5211790045102437,79.16666666666666,80.83333333333333,0.40337057328238934,30,6
2,37,1.6809777397593064,72.41962774957699,0.5340660429000854,75.83333333333333,80.83333333333333,0.40337057328238934,30,7
2,38,1.9878138652711148,71.8274111675127,0.6552899154027303,75.16666666666667,80.83333333333333,0.40337057328238934,30,8
2,39,0.887712894710389,73.68866328257191,0.49364330371220905,77.33333333333333,80.83333333333333,0.40337057328238934,30,9
2,40,1.5893618686348452,73.3502538071066,0.44948733886082964,81.33333333333333,81.33333333333333,0.44948733886082964,40,0
2,41,1.0989720560673328,71.99661590524535,0.43421806037426,80.0,81.33333333333333,0.44948733886082964,40,1
2,42,1.6889116991998379,69.88155668358715,0.6525268157323202,77.83333333333333,81.33333333333333,0.44948733886082964,40,2
2,43,1.176287243410617,69.54314720812182,0.683603044350942,74.83333333333333,81.33333333333333,0.44948733886082964,40,3
2,44,1.1599766041724209,72.41962774957699,0.547811458905538,79.33333333333333,81.33333333333333,0.44948733886082964,40,4
2,45,1.032731886240835,72.41962774957699,0.4366327476501465,77.66666666666666,81.33333333333333,0.44948733886082964,40,5
2,46,1.1617857484547216,72.58883248730965,0.6118062496185303,76.5,81.33333333333333,0.44948733886082964,40,6
2,47,0.9743860693752463,70.89678510998309,0.8986889012654622,72.33333333333334,81.33333333333333,0.44948733886082964,40,7
2,48,0.9725912171471139,72.67343485617597,0.48040346344311996,79.5,81.33333333333333,0.44948733886082964,40,8
2,49,1.1336206735289842,72.50423011844332,0.43768931249777476,80.16666666666666,81.33333333333333,0.44948733886082964,40,9
2,50,1.2604373082291656,73.9424703891709,0.5074021848042806,79.66666666666666,81.33333333333333,0.44948733886082964,40,10
2,51,1.8395469148348633,71.91201353637902,0.5169250218073527,78.16666666666666,81.33333333333333,0.44948733886082964,40,11
2,52,0.7639867405701813,73.77326565143824,0.4224121691783171,80.33333333333333,81.33333333333333,0.44948733886082964,40,12
2,53,1.1884007267338774,74.11167512690355,0.5065998427073161,77.83333333333333,81.33333333333333,0.44948733886082964,40,13
2,54,1.8553827545162789,72.33502538071066,0.6874754242102306,76.16666666666667,81.33333333333333,0.44948733886082964,40,14
2,55,1.0823788681207775,71.40439932318104,0.5562781016031901,78.0,81.33333333333333,0.44948733886082964,40,15
2,56,1.3144741411338199,72.41962774957699,0.4814332095781962,78.66666666666666,81.33333333333333,0.44948733886082964,40,16
2,57,2.7946521168836282,71.91201353637902,0.418818682829539,80.16666666666666,81.33333333333333,0.44948733886082964,40,17
2,58,0.6681425901233847,75.04230118443317,0.6713025522232056,74.83333333333333,81.33333333333333,0.44948733886082964,40,18
2,59,1.1078844969042667,73.51945854483925,0.43344270626703896,80.16666666666666,81.33333333333333,0.44948733886082964,40,19
2,60,1.0790509461549735,75.1269035532995,0.5366749421755472,76.33333333333333,81.33333333333333,0.44948733886082964,40,20
3,1,0.6613736207110023,69.03553299492386,0.42450228818381824,76.5,76.5,0.42450228818381824,1,0
3,2,1.458595497354033,71.8274111675127,0.8567984644571937,71.66666666666667,76.5,0.42450228818381824,1,1
3,3,1.3081081950321618,73.51945854483925,0.6486279030640898,75.5,76.5,0.42450228818381824,1,2
3,4,1.5244855396638668,74.78849407783417,0.5341744209298088,75.83333333333333,76.5,0.42450228818381824,1,3
3,5,1.4588113750903133,71.57360406091371,0.8688718837499617,73.5,76.5,0.42450228818381824,1,4
3,6,1.5587159828889592,72.50423011844332,0.5826230647166569,74.0,76.5,0.42450228818381824,1,5
3,7,1.4660059276167714,71.57360406091371,0.4910608601555606,77.16666666666666,77.16666666666666,0.4910608601555606,7,0
3,8,1.8459905010794626,75.29610829103216,0.5199549339214928,76.66666666666667,77.16666666666666,0.4910608601555606,7,1
3,9,1.2320071463859223,71.65820642978004,0.5041749656378175,77.33333333333333,77.33333333333333,0.5041749656378175,9,0
3,10,1.319026346285331,75.88832487309645,0.46163592616696786,76.16666666666667,77.33333333333333,0.5041749656378175,9,1
3,11,1.2256486688168522,72.84263959390863,0.4963169747589934,75.5,77.33333333333333,0.5041749656378175,9,2
3,12,1.6224985573497521,72.58883248730965,0.4130336660145621,76.5,77.33333333333333,0.5041749656378175,9,3
3,13,1.3203751710062301,72.58883248730965,0.7765916395187378,75.66666666666667,77.33333333333333,0.5041749656378175,9,4
3,14,1.7139380576243457,73.77326565143824,0.5194712074595979,77.33333333333333,77.33333333333333,0.5041749656378175,9,5
3,15,0.8829846243467024,73.60406091370558,0.5401051139827693,76.66666666666667,77.33333333333333,0.5041749656378175,9,6
3,16,1.2109885577320447,72.67343485617597,0.47074461380640664,77.66666666666666,77.66666666666666,0.47074461380640664,16,0
3,17,1.1205802502365887,73.01184433164129,0.49833728353182477,78.5,78.5,0.49833728353182477,17,0
3,18,1.6030629703841233,74.02707275803722,0.4632627483208254,76.5,78.5,0.49833728353182477,17,1
3,19,1.3551130581224833,72.50423011844332,0.4439056926965395,77.33333333333333,78.5,0.49833728353182477,17,2
3,20,1.430034335898062,72.58883248730965,0.5141088366501761,78.0,78.5,0.49833728353182477,17,3
3,21,1.681246004330527,73.43485617597293,0.5796642557779947,77.5,78.5,0.49833728353182477,17,4
3,22,2.67048863675792,72.67343485617597,0.4310311539770942,78.33333333333333,78.5,0.49833728353182477,17,5
3,23,2.829366722586998,71.2351945854484,0.5149793193736999,75.66666666666667,78.5,0.49833728353182477,17,6
3,24,2.358315832522113,71.99661590524535,0.5326660750306625,78.33333333333333,78.5,0.49833728353182477,17,7
3,25,2.1411271300513532,73.51945854483925,0.5051718469460803,76.16666666666667,78.5,0.49833728353182477,17,8
3,26,1.6330866734993639,71.91201353637902,0.51980215827624,77.33333333333333,78.5,0.49833728353182477,17,9
3,27,1.3071107892114702,73.9424703891709,0.5849722301959934,74.33333333333333,78.5,0.49833728353182477,17,10
3,28,1.731030940606106,74.02707275803722,0.4171178021033548,77.16666666666666,78.5,0.49833728353182477,17,11
3,29,1.196442500185442,73.68866328257191,0.5203659959417807,77.5,78.5,0.49833728353182477,17,12
3,30,1.6815669100901802,74.45008460236888,0.5293820081154506,76.33333333333333,78.5,0.49833728353182477,17,13
3,31,0.8964068092872245,74.02707275803722,0.4983711636066437,77.16666666666666,78.5,0.49833728353182477,17,14
3,32,0.9481179184719996,74.11167512690355,0.4878988762696546,77.0,78.5,0.49833728353182477,17,15
3,33,1.8626104862052575,73.85786802030458,0.5320053474108378,77.66666666666666,78.5,0.49833728353182477,17,16
3,34,1.5313535021041251,74.61928934010153,0.4931286444266637,79.0,79.0,0.4931286444266637,34,0
3,35,1.0975361228392613,75.80372250423012,0.40530404074311527,76.83333333333333,79.0,0.4931286444266637,34,1
3,36,1.658910899698835,73.68866328257191,0.5728700812657674,75.33333333333333,79.0,0.4931286444266637,34,2
3,37,2.9916485508686397,74.5346869712352,0.493821481863657,76.33333333333333,79.0,0.4931286444266637,34,3
3,38,1.4346882078651648,76.22673434856176,0.42543169458707175,77.83333333333333,79.0,0.4931286444266637,34,4
3,39,1.1493868879255305,74.5346869712352,0.41516657131469364,79.16666666666666,79.16666666666666,0.41516657131469364,39,0
3,40,0.8948337718113223,73.85786802030458,0.5108483946323394,78.0,79.16666666666666,0.41516657131469364,39,1
3,41,1.495356931803392,73.01184433164129,0.39179127951436993,78.33333333333333,79.16666666666666,0.41516657131469364,39,2
3,42,1.9403389293933682,73.9424703891709,0.40350429077942296,80.16666666666666,80.16666666666666,0.40350429077942296,42,0
3,43,1.1148283334351232,76.90355329949239,0.6695233837763468,75.16666666666667,80.16666666666666,0.40350429077942296,42,1
3,44,0.9096566267223326,76.14213197969542,0.45928972343601954,79.16666666666666,80.16666666666666,0.40350429077942296,42,2
3,45,1.1655444108996094,74.11167512690355,0.4002713427941004,79.0,80.16666666666666,0.40350429077942296,42,3
3,46,0.7828582025018037,76.56514382402707,0.5495682654778148,77.5,80.16666666666666,0.40350429077942296,42,4
3,47,0.8581909197942053,74.45008460236888,0.4538781332969666,80.33333333333333,80.33333333333333,0.4538781332969666,47,0
3,48,3.8600489120999772,72.67343485617597,0.5297345213095347,79.83333333333333,80.33333333333333,0.4538781332969666,47,1
3,49,0.9672631388892579,73.26565143824027,0.3978881029287974,79.66666666666666,80.33333333333333,0.4538781332969666,47,2
3,50,1.8154769522687908,75.80372250423012,0.5644785022735596,78.16666666666666,80.33333333333333,0.4538781332969666,47,3
3,51,0.9271608523759746,75.04230118443317,0.4121281514565021,80.5,80.5,0.4121281514565021,51,0
3,52,1.8453472100336943,73.85786802030458,0.4376437532901764,79.33333333333333,80.5,0.4121281514565021,51,1
3,53,0.7319496883151898,77.834179357022,0.40631552855173747,81.5,81.5,0.40631552855173747,53,0
3,54,0.8860194884782717,75.4653130287648,0.42065524478753263,80.16666666666666,81.5,0.40631552855173747,53,1
3,55,1.6713968257210179,77.2419627749577,0.5917054971059164,77.16666666666666,81.5,0.40631552855173747,53,2
3,56,0.8697196615327232,79.18781725888326,0.4066657630602519,80.5,81.5,0.40631552855173747,53,3
3,57,1.0680430586971406,75.80372250423012,0.5134861715634664,77.83333333333333,81.5,0.40631552855173747,53,4
3,58,1.3456120142577668,76.81895093062606,0.41198360721270244,80.5,81.5,0.40631552855173747,53,5
3,59,1.2122344091257267,76.39593908629442,0.5565041287740071,77.66666666666666,81.5,0.40631552855173747,53,6
3,60,1.3002286176189353,76.14213197969542,0.44751168886820475,79.66666666666666,81.5,0.40631552855173747,53,7
3,61,1.2079374312144247,75.97292724196278,0.45449700196584064,79.16666666666666,81.5,0.40631552855173747,53,8
3,62,2.5415963555753938,76.48054145516075,0.5076217979192734,79.83333333333333,81.5,0.40631552855173747,53,9
3,63,1.4429611084626612,74.8730964467005,0.4417726218700409,80.5,81.5,0.40631552855173747,53,10
3,64,1.9581050304995373,76.14213197969542,0.4811865655581156,79.33333333333333,81.5,0.40631552855173747,53,11
3,65,1.1269331726729366,75.1269035532995,0.3875496832529704,80.5,81.5,0.40631552855173747,53,12
3,66,1.8366621298031556,75.4653130287648,0.3718719611565272,82.66666666666667,82.66666666666667,0.3718719611565272,66,0
3,67,1.306981540472576,75.21150592216583,0.4899334919452667,78.16666666666666,82.66666666666667,0.3718719611565272,66,1
3,68,1.3985497776021811,77.91878172588832,0.47752613325913745,79.83333333333333,82.66666666666667,0.3718719611565272,66,2
3,69,1.1422726990506935,75.7191201353638,0.4092164295911789,81.83333333333334,82.66666666666667,0.3718719611565272,66,3
3,70,0.6814977945712617,77.32656514382403,0.44619128823280335,81.33333333333333,82.66666666666667,0.3718719611565272,66,4
3,71,1.0559698140560674,78.1725888324873,0.35038541118303934,85.0,85.0,0.35038541118303934,71,0
3,72,1.4313317795493679,77.32656514382403,0.4585978635152181,82.16666666666667,85.0,0.35038541118303934,71,1
3,73,1.7070740904602302,73.77326565143824,0.3682948903242747,83.0,85.0,0.35038541118303934,71,2
3,74,2.026510607117122,74.11167512690355,0.34936683376630145,82.83333333333334,85.0,0.35038541118303934,71,3
3,75,1.5668369088882923,75.38071065989847,0.3820006847381592,82.0,85.0,0.35038541118303934,71,4
3,76,0.9753933369407396,76.6497461928934,0.38935488641262056,81.33333333333333,85.0,0.35038541118303934,71,5
3,77,3.1293762572324013,76.22673434856176,0.36067150950431826,81.83333333333334,85.0,0.35038541118303934,71,6
3,78,1.3484036087384683,77.15736040609137,0.37569488684336344,80.5,85.0,0.35038541118303934,71,7
3,79,0.7850478984377711,77.66497461928934,0.3984155062834422,81.16666666666667,85.0,0.35038541118303934,71,8
3,80,2.93349796790762,74.8730964467005,0.3950880686442057,81.33333333333333,85.0,0.35038541118303934,71,9
4,1,0.7303481440858792,67.85109983079526,0.44050147583708166,72.83333333333334,72.83333333333334,0.44050147583708166,1,0
4,2,0.8377844488560245,72.92724196277496,0.4328562223836688,75.33333333333333,75.33333333333333,0.4328562223836688,2,0
4,3,1.0300811506971692,71.2351945854484,0.40369354863938106,75.66666666666667,75.66666666666667,0.40369354863938106,3,0
4,4,1.460794365496805,70.98138747884941,0.5097911977764505,69.66666666666667,75.66666666666667,0.40369354863938106,3,1
4,5,0.9423647209270755,71.06598984771574,0.38343283332008615,75.5,75.66666666666667,0.40369354863938106,3,2
4,6,1.3228512461818818,73.51945854483925,0.4400585409099741,75.83333333333333,75.83333333333333,0.4400585409099741,6,0
4,7,1.6225941376839395,70.30456852791879,0.5974207522461316,74.16666666666667,75.83333333333333,0.4400585409099741,6,1
4,8,1.1150398719330932,74.19627749576988,0.4769723492794247,74.33333333333333,75.83333333333333,0.4400585409099741,6,2
4,9,1.3658468588657187,72.7580372250423,0.43111800511645326,74.5,75.83333333333333,0.4400585409099741,6,3
4,10,1.4035385940885785,72.67343485617597,0.39388414422333484,78.0,78.0,0.39388414422333484,10,0
4,11,2.7994662598910067,73.60406091370558,0.37840434788542915,78.83333333333333,78.83333333333333,0.37840434788542915,11,0
4,12,1.924785238433812,70.38917089678512,0.37029213979117703,80.0,80.0,0.37029213979117703,12,0
4,13,1.9156569260631116,71.91201353637902,0.40534546375240904,75.5,80.0,0.37029213979117703,12,1
4,14,1.123959601328861,73.26565143824027,0.3907656586166605,79.33333333333333,80.0,0.37029213979117703,12,2
4,15,2.373982275349235,72.50423011844332,0.3928292455164041,78.0,80.0,0.37029213979117703,12,3
4,16,1.4296072659960455,73.26565143824027,0.42343979835510254,76.0,80.0,0.37029213979117703,12,4
4,17,1.85552293657248,72.41962774957699,0.4089819633960707,76.5,80.0,0.37029213979117703,12,5
4,18,1.2978302378541524,73.3502538071066,0.44255355834960936,76.33333333333333,80.0,0.37029213979117703,12,6
4,19,1.3373256115945664,74.02707275803722,0.45295896848042805,81.5,81.5,0.45295896848042805,19,0
4,20,1.941921026976984,74.78849407783417,0.5367367561658224,76.83333333333333,81.5,0.45295896848042805,19,1
4,21,1.5399486139139347,73.68866328257191,0.41186492443084716,78.83333333333333,81.5,0.45295896848042805,19,2
4,22,1.2507496909845097,73.26565143824027,0.44839930812517803,78.66666666666666,81.5,0.45295896848042805,19,3
4,23,1.581042236180475,74.95769881556683,0.3724554681777954,80.0,81.5,0.45295896848042805,19,4
4,24,0.8307705723291323,75.97292724196278,0.4616090150674184,79.66666666666666,81.5,0.45295896848042805,19,5
4,25,1.9921532953551981,71.8274111675127,0.5815628210703532,76.0,81.5,0.45295896848042805,19,6
4,26,3.657194200506065,73.43485617597293,0.3493930546442668,83.16666666666667,83.16666666666667,0.3493930546442668,26,0
4,27,1.6101951506839791,73.43485617597293,0.639833148320516,78.5,83.16666666666667,0.3493930546442668,26,1
4,28,2.0236528517832815,75.54991539763112,0.5694430303573609,77.33333333333333,83.16666666666667,0.3493930546442668,26,2
4,29,1.8872433959328383,75.04230118443317,0.414692223072052,79.5,83.16666666666667,0.3493930546442668,26,3
4,30,0.8889777810642159,75.97292724196278,0.38045362909634906,79.66666666666666,83.16666666666667,0.3493930546442668,26,4
4,31,0.9874479685943138,76.14213197969542,0.6072452592849732,75.83333333333333,83.16666666666667,0.3493930546442668,26,5
4,32,0.9779702448199444,76.39593908629442,0.44213202118873596,79.5,83.16666666666667,0.3493930546442668,26,6
4,33,2.0200999004990114,73.01184433164129,0.3491562461853027,82.66666666666667,83.16666666666667,0.3493930546442668,26,7
4,34,1.8295239140539605,75.63451776649747,0.49203548272450764,78.66666666666666,83.16666666666667,0.3493930546442668,26,8
4,35,1.11117437386069,74.78849407783417,0.42547394037246705,78.5,83.16666666666667,0.3493930546442668,26,9
4,36,2.5618626365403436,72.67343485617597,0.6204163773854574,76.5,83.16666666666667,0.3493930546442668,26,10
4,37,1.114717245656625,75.88832487309645,0.3733216063181559,81.66666666666667,83.16666666666667,0.3493930546442668,26,11
4,38,1.1568175372738523,75.80372250423012,0.36966297308603924,82.33333333333334,83.16666666666667,0.3493930546442668,26,12
4,39,0.8961198436326383,78.68020304568529,0.44255617300669353,83.16666666666667,83.16666666666667,0.3493930546442668,26,13
4,40,0.9361772884168802,76.39593908629442,0.3497554918130239,83.5,83.5,0.3497554918130239,40,0
4,41,1.9976720628903804,76.39593908629442,0.42997408390045166,78.33333333333333,83.5,0.3497554918130239,40,1
4,42,1.8087786113348507,75.38071065989847,0.4238317592938741,79.5,83.5,0.3497554918130239,40,2
4,43,2.080617829829505,76.6497461928934,0.3973182519276937,85.0,85.0,0.3973182519276937,43,0
4,44,1.0943372126561535,74.19627749576988,0.5339091428120931,80.16666666666666,85.0,0.3973182519276937,43,1
4,45,0.9252266551536553,76.39593908629442,0.3927927545706431,82.5,85.0,0.3973182519276937,43,2
4,46,0.9723563460024883,76.48054145516075,0.32598485310872394,82.0,85.0,0.3973182519276937,43,3
4,47,1.194251496779737,75.04230118443317,0.44125633080800375,79.83333333333333,85.0,0.3973182519276937,43,4
4,48,1.2578202844069493,76.31133671742809,0.306213565270106,85.33333333333334,85.33333333333334,0.306213565270106,48,0
4,49,0.6749365206700695,77.2419627749577,0.4080101577440898,82.0,85.33333333333334,0.306213565270106,48,1
4,50,2.4738801134822737,75.38071065989847,0.5937769583861033,78.83333333333333,85.33333333333334,0.306213565270106,48,2
4,51,1.2636721572900182,75.88832487309645,0.4979472343126933,82.0,85.33333333333334,0.306213565270106,48,3
4,52,2.6333059091656743,76.39593908629442,0.3084538733959198,84.16666666666667,85.33333333333334,0.306213565270106,48,4
4,53,1.4954881714483605,75.80372250423012,0.32568052808443704,81.5,85.33333333333334,0.306213565270106,48,5
4,54,1.028633710141916,77.66497461928934,0.31488289674123127,83.83333333333334,85.33333333333334,0.306213565270106,48,6
4,55,0.8711045743951136,76.98815566835871,0.48593183120091754,79.16666666666666,85.33333333333334,0.306213565270106,48,7
4,56,1.136424419843606,75.7191201353638,0.33176586945851644,84.16666666666667,85.33333333333334,0.306213565270106,48,8
4,57,2.831210553141818,75.21150592216583,0.300942968527476,85.66666666666667,85.66666666666667,0.300942968527476,57,0
4,58,1.496630436071083,76.22673434856176,0.3471888482570648,84.16666666666667,85.66666666666667,0.300942968527476,57,1
4,59,0.7111124586433727,80.20304568527918,0.39019328554471333,82.83333333333334,85.66666666666667,0.300942968527476,57,2
4,60,1.1148055999613857,77.834179357022,0.4676285719871521,81.66666666666667,85.66666666666667,0.300942968527476,57,3
4,61,1.2637062048044705,76.73434856175973,0.30835320075352984,85.0,85.66666666666667,0.300942968527476,57,4
4,62,1.7827402117792928,77.41116751269035,0.2931839346885681,84.33333333333334,85.66666666666667,0.300942968527476,57,5
4,63,0.974505448301028,79.10321489001691,0.3341116778055827,84.33333333333334,85.66666666666667,0.300942968527476,57,6
4,64,1.9481447056162782,76.22673434856176,0.32030671238899233,85.16666666666667,85.66666666666667,0.300942968527476,57,7
4,65,0.9132931591492216,78.1725888324873,0.29562444527943926,85.16666666666667,85.66666666666667,0.300942968527476,57,8
4,66,0.8528847786174006,77.49576988155668,0.49906407833099364,83.5,85.66666666666667,0.300942968527476,57,9
4,67,1.297175312607018,76.73434856175973,0.35401527126630145,82.0,85.66666666666667,0.300942968527476,57,10
4,68,2.104327406425363,75.88832487309645,0.292893944978714,86.0,86.0,0.292893944978714,68,0
4,69,0.8400506574893765,79.10321489001691,0.3252447024981181,83.66666666666667,86.0,0.292893944978714,68,1
4,70,0.7021184762318929,78.7648054145516,0.2951042068004608,84.83333333333334,86.0,0.292893944978714,68,2
4,71,0.9698456839458188,79.01861252115059,0.3111836536725362,83.83333333333334,86.0,0.292893944978714,68,3
4,72,0.7952141866667823,80.03384094754654,0.3032484837373098,86.5,86.5,0.3032484837373098,72,0
4,73,2.121870026168888,78.84940778341793,0.2784316384792328,88.0,88.0,0.2784316384792328,73,0
4,74,1.7970827686302553,78.25719120135363,0.37938143928845725,85.0,88.0,0.2784316384792328,73,1
4,75,0.7313416030402917,78.08798646362098,0.327485480705897,87.83333333333333,88.0,0.2784316384792328,73,2
4,76,2.2258054237882097,77.07275803722504,0.27511839469273885,87.66666666666667,88.0,0.2784316384792328,73,3
4,77,1.6232710795354117,77.66497461928934,0.39939535975456236,84.33333333333334,88.0,0.2784316384792328,73,4
4,78,1.3605723859594154,78.08798646362098,0.3628921596209208,85.0,88.0,0.2784316384792328,73,5
4,79,0.8595449807982759,79.01861252115059,0.294968523979187,86.16666666666667,88.0,0.2784316384792328,73,6
4,80,3.013979136842963,77.74957698815567,0.366797990600268,83.16666666666667,88.0,0.2784316384792328,73,7
5,1,0.6608484042477487,67.76649746192894,0.6939485322310429,77.83333333333333,77.83333333333333,0.6939485322310429,1,0
5,2,1.1947648896380325,70.89678510998309,0.6848023305336592,76.0,77.83333333333333,0.6939485322310429,1,1
5,3,1.5069320682694667,72.67343485617597,0.5290842902648941,78.66666666666666,78.66666666666666,0.5290842902648941,3,0
5,4,1.9268764475275417,70.55837563451777,0.6694874201218287,77.16666666666666,78.66666666666666,0.5290842902648941,3,1
5,5,1.623245744182777,71.8274111675127,0.6510038316249848,77.83333333333333,78.66666666666666,0.5290842902648941,3,2
5,6,1.2960082125643586,70.72758037225042,0.6912925988435745,79.0,79.0,0.6912925988435745,6,0
5,7,2.059126536505275,69.88155668358715,0.5780990584691366,78.33333333333333,79.0,0.6912925988435745,6,1
5,8,1.6876713422752678,70.05076142131979,1.0118275825182597,76.83333333333333,79.0,0.6912925988435745,6,2
5,9,1.206353295272982,70.81218274111674,1.6704600048065186,74.33333333333333,79.0,0.6912925988435745,6,3
5,10,1.363390909435382,72.67343485617597,1.1009572839736939,77.66666666666666,79.0,0.6912925988435745,6,4
5,11,1.6670154865623126,70.64297800338409,2.155934143066406,73.0,79.0,0.6912925988435745,6,5
5,12,1.3421790000750933,72.08121827411168,0.7970971155166626,76.33333333333333,79.0,0.6912925988435745,6,6
5,13,1.4371894003977832,73.77326565143824,0.539641029437383,81.0,81.0,0.539641029437383,13,0
5,14,1.0423854111414876,70.64297800338409,1.1660549179712931,75.33333333333333,81.0,0.539641029437383,13,1
5,15,1.6539240809261497,72.165820642978,1.324164892832438,75.66666666666667,81.0,0.539641029437383,13,2
5,16,3.5867613812186794,71.74280879864637,1.0341768876711528,77.5,81.0,0.539641029437383,13,3
5,17,2.0891487885348488,71.91201353637902,1.363066648642222,75.83333333333333,81.0,0.539641029437383,13,4
5,18,1.8672869120757591,74.02707275803722,0.807840089003245,79.33333333333333,81.0,0.539641029437383,13,5
5,19,2.705949124648486,72.33502538071066,0.6775439151128133,79.16666666666666,81.0,0.539641029437383,13,6
5,20,1.507301036173922,73.9424703891709,1.4260322165489197,73.16666666666667,81.0,0.539641029437383,13,7
5,21,1.3638943061610769,73.60406091370558,1.5380239407221477,74.16666666666667,81.0,0.539641029437383,13,8
5,22,2.216622799130664,70.72758037225042,0.6603254024187724,78.0,81.0,0.539641029437383,13,9
5,23,1.915037742574808,72.41962774957699,0.5205707295735678,79.5,81.0,0.539641029437383,13,10
5,24,1.1647385243332729,75.21150592216583,0.8014495086669922,80.0,81.0,0.539641029437383,13,11
5,25,1.472797103692634,74.2808798646362,0.43399415254592894,80.0,81.0,0.539641029437383,13,12
5,26,1.7371791183645955,74.61928934010153,0.5457327246665955,79.83333333333333,81.0,0.539641029437383,13,13
5,27,1.539952576110004,75.38071065989847,0.5733483934402466,78.16666666666666,81.0,0.539641029437383,13,14
5,28,2.3748351624471886,73.68866328257191,0.41199835697809856,82.5,82.5,0.41199835697809856,28,0
5,29,1.6797356286831515,74.36548223350253,0.6238182306289672,78.83333333333333,82.5,0.41199835697809856,28,1
5,30,1.7386927550214195,75.21150592216583,0.6638667583465576,77.0,82.5,0.41199835697809856,28,2
5,31,1.2241036479444876,75.1269035532995,0.9006089115142822,78.5,82.5,0.41199835697809856,28,3
5,32,3.564902470297418,73.9424703891709,1.1152074805895487,74.66666666666667,82.5,0.41199835697809856,28,4
5,33,2.111293431466001,73.01184433164129,0.5773966113726298,77.83333333333333,82.5,0.41199835697809856,28,5
5,34,1.7868031910833369,74.70389170896784,1.018558763662974,77.16666666666666,82.5,0.41199835697809856,28,6
5,35,0.7642618413705713,76.31133671742809,0.7082618021965027,78.0,82.5,0.41199835697809856,28,7
5,36,1.9966733977072533,74.45008460236888,0.5949051880836487,80.33333333333333,82.5,0.41199835697809856,28,8
5,37,1.397340618515176,73.77326565143824,0.7799397953351339,77.16666666666666,82.5,0.41199835697809856,28,9
5,38,1.1765409402940075,75.4653130287648,0.4032639694213867,82.16666666666667,82.5,0.41199835697809856,28,10
5,39,2.2103170292631624,72.33502538071066,0.44864368200302124,82.16666666666667,82.5,0.41199835697809856,28,11
5,40,1.7218922354444837,74.2808798646362,0.6685952425003052,78.16666666666666,82.5,0.41199835697809856,28,12
5,41,1.1507551367512814,73.77326565143824,0.5566420030593872,78.66666666666666,82.5,0.41199835697809856,28,13
5,42,2.2406182816589344,74.45008460236888,0.45683069984118146,79.0,82.5,0.41199835697809856,28,14
5,43,1.3879708511575224,75.29610829103216,0.6504844562212626,78.5,82.5,0.41199835697809856,28,15
5,44,1.9393747180649876,73.18104906937394,0.5646958208084106,78.83333333333333,82.5,0.41199835697809856,28,16
5,45,1.6677178609391357,74.19627749576988,0.5530185774962108,78.0,82.5,0.41199835697809856,28,17
5,46,1.0324975206767242,73.60406091370558,0.42506964047749835,79.0,82.5,0.41199835697809856,28,18
5,47,2.0453628678814004,74.95769881556683,0.611866971651713,78.0,82.5,0.41199835697809856,28,19
5,48,1.110247670293056,74.11167512690355,0.6503310044606526,79.33333333333333,82.5,0.41199835697809856,28,20
6,1,0.7372155918183464,67.08967851099831,0.45529092592187226,75.16666666666667,75.16666666666667,0.45529092592187226,1,0
6,2,0.8968116630959229,70.72758037225042,0.42323424948677224,74.83333333333333,75.16666666666667,0.45529092592187226,1,1
6,3,3.0547238007919035,70.05076142131979,0.41937913278738415,77.0,77.0,0.41937913278738415,3,0
6,4,2.06486053626146,71.15059221658207,0.40546077251130025,75.5,77.0,0.41937913278738415,3,1
6,5,1.3701992864939565,73.9424703891709,0.45590942839781434,75.33333333333333,77.0,0.41937913278738415,3,2
6,6,1.3112080629706988,74.61928934010153,0.5967725245157878,72.16666666666667,77.0,0.41937913278738415,3,3
6,7,1.7817119235919816,71.2351945854484,0.5834256315231323,73.16666666666667,77.0,0.41937913278738415,3,4
6,8,0.9315775063033838,73.85786802030458,0.44804678994985636,76.0,77.0,0.41937913278738415,3,5
6,9,1.6718180920871986,72.84263959390863,0.5756395177046458,75.5,77.0,0.41937913278738415,3,6
6,10,1.6982280222695894,71.15059221658207,0.6326050996780396,73.16666666666667,77.0,0.41937913278738415,3,7
6,11,1.7843046260969289,74.45008460236888,0.4839806834856669,76.16666666666667,77.0,0.41937913278738415,3,8
6,12,1.7130513676834591,73.18104906937394,0.8796275599797567,74.16666666666667,77.0,0.41937913278738415,3,9
6,13,1.3836421678110629,71.31979695431471,0.5463581148783366,76.5,77.0,0.41937913278738415,3,10
6,14,1.3777685034295226,72.41962774957699,0.7600464661916096,74.66666666666667,77.0,0.41937913278738415,3,11
6,15,1.4056659450789193,71.91201353637902,1.1935784657796225,70.83333333333334,77.0,0.41937913278738415,3,12
6,16,1.13249506472331,74.70389170896784,0.4540442005793254,75.5,77.0,0.41937913278738415,3,13
6,17,1.9245487502232421,71.15059221658207,0.5054310886065165,74.16666666666667,77.0,0.41937913278738415,3,14
6,18,1.9011840752740399,72.33502538071066,0.37776070276896156,77.83333333333333,77.83333333333333,0.37776070276896156,18,0
6,19,1.6889590325492692,71.40439932318104,0.5256469563643138,77.33333333333333,77.83333333333333,0.37776070276896156,18,1
6,20,1.695592531143308,71.65820642978004,0.5507784843444824,75.33333333333333,77.83333333333333,0.37776070276896156,18,2
6,21,1.0517530671231032,73.68866328257191,0.5504566041628519,74.83333333333333,77.83333333333333,0.37776070276896156,18,3
6,22,1.895845152097305,72.165820642978,0.4000996287663778,78.33333333333333,78.33333333333333,0.4000996287663778,22,0
6,23,1.110429473939886,74.5346869712352,0.8966894245147705,72.16666666666667,78.33333333333333,0.4000996287663778,22,1
6,24,1.6517785694796825,72.50423011844332,0.6700825647513071,73.0,78.33333333333333,0.4000996287663778,22,2
6,25,1.5829802475201498,73.09644670050761,0.47130115071932477,78.5,78.5,0.47130115071932477,25,0
6,26,1.7701924719584574,72.58883248730965,0.5204559055964152,76.5,78.5,0.47130115071932477,25,1
6,27,1.5794315432937416,73.60406091370558,0.5580850009123485,73.83333333333333,78.5,0.47130115071932477,25,2
6,28,1.5833937485407654,74.02707275803722,0.43779238979021706,77.5,78.5,0.47130115071932477,25,3
6,29,1.3823767207600743,71.91201353637902,0.37807345112164814,78.33333333333333,78.5,0.47130115071932477,25,4
6,30,2.0108930864915027,71.2351945854484,0.4875056536992391,77.5,78.5,0.47130115071932477,25,5
6,31,1.3535502636694867,72.58883248730965,0.7683053473631541,71.33333333333334,78.5,0.47130115071932477,25,6
6,32,1.6489211322389883,73.18104906937394,0.42892936706542967,76.0,78.5,0.47130115071932477,25,7
6,33,1.2275933315709562,74.36548223350253,0.5710936148961385,75.5,78.5,0.47130115071932477,25,8
6,34,1.3449525383321566,73.3502538071066,0.42392794450124105,79.83333333333333,79.83333333333333,0.42392794450124105,34,0
6,35,1.0555343016250889,75.4653130287648,0.38096549073855085,79.33333333333333,79.83333333333333,0.42392794450124105,34,1
6,36,1.3085592506097254,75.1269035532995,0.37837537089983625,78.83333333333333,79.83333333333333,0.42392794450124105,34,2
6,37,2.247191846471551,74.11167512690355,0.4444468088944753,77.83333333333333,79.83333333333333,0.42392794450124105,34,3
6,38,1.198429365599821,74.19627749576988,0.3716154412428538,80.0,80.0,0.3716154412428538,38,0
6,39,1.2782030890234028,73.18104906937394,0.4516232395172119,78.0,80.0,0.3716154412428538,38,1
6,40,1.5756442074848311,76.14213197969542,0.4875108027458191,79.16666666666666,80.0,0.3716154412428538,38,2
6,41,1.0109128809822392,74.8730964467005,0.5540162833528969,76.33333333333333,80.0,0.3716154412428538,38,3
6,42,1.5194758674013231,73.3502538071066,0.42572736660639443,79.33333333333333,80.0,0.3716154412428538,38,4
6,43,1.4758927254305676,74.61928934010153,0.39285466114679973,79.16666666666666,80.0,0.3716154412428538,38,5
6,44,1.1028909858209026,74.02707275803722,0.5643776220083236,77.66666666666666,80.0,0.3716154412428538,38,6
6,45,1.9487526313907604,74.78849407783417,0.38580897490183513,80.83333333333333,80.83333333333333,0.38580897490183513,45,0
6,46,0.7825589129565734,73.51945854483925,0.41157384634017946,78.33333333333333,80.83333333333333,0.38580897490183513,45,1
6,47,1.359247204666412,73.43485617597293,0.37337268630663556,79.5,80.83333333333333,0.38580897490183513,45,2
6,48,1.2222192189616803,75.7191201353638,0.4295187981923421,78.0,80.83333333333333,0.38580897490183513,45,3
6,49,2.6547684526282116,73.26565143824027,0.36644399404525757,81.83333333333334,81.83333333333334,0.36644399404525757,49,0
6,50,0.9744764575498358,74.45008460236888,0.3901946226755778,80.33333333333333,81.83333333333334,0.36644399404525757,49,1
6,51,1.0150849553937638,75.04230118443317,0.384578671058019,79.16666666666666,81.83333333333334,0.36644399404525757,49,2
6,52,1.274548275872132,76.0575296108291,0.4276629567146301,78.16666666666666,81.83333333333334,0.36644399404525757,49,3
6,53,1.5417296539506735,74.5346869712352,0.36728010018666585,79.83333333333333,81.83333333333334,0.36644399404525757,49,4
6,54,1.3248168049024043,74.70389170896784,0.46790932099024457,78.33333333333333,81.83333333333334,0.36644399404525757,49,5
6,55,1.1287008687324331,76.39593908629442,0.36990274310112,79.33333333333333,81.83333333333334,0.36644399404525757,49,6
6,56,1.0402802908682782,76.0575296108291,0.4390877604484558,76.83333333333333,81.83333333333334,0.36644399404525757,49,7
6,57,1.464352875241975,75.7191201353638,0.3599234187602997,81.16666666666667,81.83333333333334,0.36644399404525757,49,8
6,58,1.1761443604874329,72.84263959390863,0.39657092491785684,78.66666666666666,81.83333333333334,0.36644399404525757,49,9
6,59,1.2965129881139132,75.88832487309645,0.5955413635571798,76.16666666666667,81.83333333333334,0.36644399404525757,49,10
6,60,0.9349225958188375,75.63451776649747,0.3873203428586324,78.5,81.83333333333334,0.36644399404525757,49,11
6,61,1.4326135149058554,74.5346869712352,0.4586500291029612,77.83333333333333,81.83333333333334,0.36644399404525757,49,12
6,62,1.378469275944124,74.11167512690355,0.5690115189552307,76.16666666666667,81.83333333333334,0.36644399404525757,49,13
6,63,1.606054530329309,74.2808798646362,0.5215161593755087,77.66666666666666,81.83333333333334,0.36644399404525757,49,14
6,64,1.0599765241045234,75.38071065989847,0.47541800419489544,78.0,81.83333333333334,0.36644399404525757,49,15
6,65,1.6376207614610643,74.19627749576988,0.35442699889341933,81.0,81.83333333333334,0.36644399404525757,49,16
6,66,1.0336692410878925,78.7648054145516,0.3539305047194163,82.33333333333334,82.33333333333334,0.3539305047194163,66,0
6,67,1.426794322009014,76.56514382402707,0.3704765764872233,81.0,82.33333333333334,0.3539305047194163,66,1
6,68,1.218255091338795,76.14213197969542,0.40249856472015383,78.83333333333333,82.33333333333334,0.3539305047194163,66,2
6,69,1.091669512027008,76.0575296108291,0.4188595668474833,81.0,82.33333333333334,0.3539305047194163,66,3
6,70,1.1373001474212672,74.36548223350253,0.35357532461484276,80.0,82.33333333333334,0.3539305047194163,66,4
6,71,0.9824361415381359,76.73434856175973,0.415208013455073,80.33333333333333,82.33333333333334,0.3539305047194163,66,5
6,72,0.8178116107854343,75.88832487309645,0.41560416638851166,78.83333333333333,82.33333333333334,0.3539305047194163,66,6
6,73,1.3096555356446862,75.7191201353638,0.38099098245302837,79.33333333333333,82.33333333333334,0.3539305047194163,66,7
6,74,1.3853989529932413,74.78849407783417,0.3589800481001536,80.5,82.33333333333334,0.3539305047194163,66,8
6,75,1.0460791824331945,76.81895093062606,0.39501864711443585,81.33333333333333,82.33333333333334,0.3539305047194163,66,9
6,76,1.1021861919090026,76.90355329949239,0.37202688296635944,80.33333333333333,82.33333333333334,0.3539305047194163,66,10
6,77,1.5392591591212148,75.97292724196278,0.4366906785964966,79.5,82.33333333333334,0.3539305047194163,66,11
6,78,1.3996934567510375,75.63451776649747,0.352843804359436,82.66666666666667,82.66666666666667,0.352843804359436,78,0
6,79,1.7170923501505262,75.21150592216583,0.33801922043164573,81.83333333333334,82.66666666666667,0.352843804359436,78,1
6,80,1.8990096433715369,76.31133671742809,0.575331715742747,79.5,82.66666666666667,0.352843804359436,78,2
7,1,0.9586611937750414,68.8663282571912,0.45215803076833255,77.33333333333333,77.33333333333333,0.45215803076833255,1,0
7,2,1.135834516960554,71.15059221658207,0.6868963724374763,74.83333333333333,77.33333333333333,0.45215803076833255,1,1
7,3,1.7581108411153157,71.15059221658207,0.5528845167160035,77.0,77.33333333333333,0.45215803076833255,1,2
7,4,1.367784860271286,71.40439932318104,0.43055747660004784,77.66666666666666,77.66666666666666,0.43055747660004784,4,0
7,5,1.380966756045314,70.05076142131979,0.4144362632433432,80.0,80.0,0.4144362632433432,5,0
7,6,1.4344073876915042,70.55837563451777,0.4179226062695139,80.16666666666666,80.16666666666666,0.4179226062695139,6,0
7,7,1.7983975790680564,70.38917089678512,0.4633459921677892,80.5,80.5,0.4633459921677892,7,0
7,8,1.57405587884577,69.88155668358715,0.5340584258238473,76.83333333333333,80.5,0.4633459921677892,7,1
7,9,3.70908411515344,70.30456852791879,0.4292044860124338,80.33333333333333,80.5,0.4633459921677892,7,2
7,10,2.5138998783986177,72.58883248730965,0.40008869965871174,82.0,82.0,0.40008869965871174,10,0
7,11,1.6396866115014967,69.96615905245346,0.5161211860179901,79.33333333333333,82.0,0.40008869965871174,10,1
7,12,2.8344469670515173,71.31979695431471,0.4761393435795984,80.83333333333333,82.0,0.40008869965871174,10,2
7,13,1.956336377790535,72.165820642978,0.456140900850296,79.83333333333333,82.0,0.40008869965871174,10,3
7,14,1.8329723966504918,72.7580372250423,0.393069088657697,81.16666666666667,82.0,0.40008869965871174,10,4
7,15,2.012800602138345,71.06598984771574,0.8180449938774109,75.66666666666667,82.0,0.40008869965871174,10,5
7,16,2.3386066783402373,71.65820642978004,0.5463188469409943,81.33333333333333,82.0,0.40008869965871174,10,6
7,17,1.4507376268732972,72.67343485617597,0.4521376609802246,78.66666666666666,82.0,0.40008869965871174,10,7
7,18,1.6583925124049792,69.37394247038917,0.39665542244911195,80.33333333333333,82.0,0.40008869965871174,10,8
7,19,1.193171148070224,74.02707275803722,0.43767093380292255,78.5,82.0,0.40008869965871174,10,9
7,20,1.7172298334576757,70.89678510998309,0.5659008173147837,80.33333333333333,82.0,0.40008869965871174,10,10
7,21,1.396429069151128,72.92724196277496,0.4448761761188507,79.66666666666666,82.0,0.40008869965871174,10,11
7,22,1.5567366430904659,72.84263959390863,0.3965132157007853,79.83333333333333,82.0,0.40008869965871174,10,12
7,23,1.255951727707374,72.92724196277496,0.400745925505956,80.33333333333333,82.0,0.40008869965871174,10,13
7,24,2.2362442377658462,72.7580372250423,0.4048739985624949,81.5,82.0,0.40008869965871174,10,14
7,25,2.9153861511378927,72.41962774957699,0.4204267672697703,82.0,82.0,0.40008869965871174,10,15
7,26,1.5150439768474921,74.61928934010153,0.39950206875801086,82.83333333333334,82.83333333333334,0.39950206875801086,26,0
7,27,1.2774096828225099,73.26565143824027,0.4229373735189438,81.0,82.83333333333334,0.39950206875801086,26,1
7,28,2.0599600843164927,72.50423011844332,0.35755587339401246,82.5,82.83333333333334,0.39950206875801086,26,2
7,29,1.6874005811670307,71.48900169204738,0.3587765600283941,82.83333333333334,82.83333333333334,0.3587765600283941,29,0
7,30,1.3756508284615583,73.9424703891709,0.3793232504526774,80.66666666666666,82.83333333333334,0.3587765600283941,29,1
7,31,1.2771849122446806,73.26565143824027,0.4524178703625997,79.83333333333333,82.83333333333334,0.3587765600283941,29,2
7,32,1.0685162114612947,73.77326565143824,0.4725114587942759,81.16666666666667,82.83333333333334,0.3587765600283941,29,3
7,33,1.3360829811713417,73.60406091370558,0.37461973587671915,84.66666666666667,84.66666666666667,0.37461973587671915,33,0
7,34,1.8478982022974495,72.165820642978,0.3491526216268534,84.33333333333334,84.66666666666667,0.37461973587671915,33,1
7,35,0.9849126432752852,74.19627749576988,0.4033713986476262,82.5,84.66666666666667,0.37461973587671915,33,2
7,36,1.1245384117471788,74.78849407783417,0.3482471724351247,82.83333333333334,84.66666666666667,0.37461973587671915,33,3
7,37,1.393805875693481,74.61928934010153,0.5070246581236522,80.66666666666666,84.66666666666667,0.37461973587671915,33,4
7,38,1.537614939781615,73.9424703891709,0.43047112345695493,81.5,84.66666666666667,0.37461973587671915,33,5
7,39,1.5022685600920578,75.4653130287648,0.37839840571085614,83.66666666666667,84.66666666666667,0.37461973587671915,33,6
7,40,2.1554227409830755,73.01184433164129,0.36915560205777487,84.16666666666667,84.66666666666667,0.37461973587671915,33,7
7,41,1.0340200380222042,73.26565143824027,0.4985248208045959,81.16666666666667,84.66666666666667,0.37461973587671915,33,8
7,42,1.9435938554366834,73.18104906937394,0.4029784846305847,82.83333333333334,84.66666666666667,0.37461973587671915,33,9
7,43,1.1104118568340533,75.29610829103216,0.4405359594027201,80.66666666666666,84.66666666666667,0.37461973587671915,33,10
7,44,1.1616284139265263,74.36548223350253,0.49292115688323973,81.83333333333334,84.66666666666667,0.37461973587671915,33,11
7,45,1.7845762258052018,74.5346869712352,0.3780964990456899,84.33333333333334,84.66666666666667,0.37461973587671915,33,12
7,46,1.301206239235986,73.43485617597293,0.36652661005655923,81.83333333333334,84.66666666666667,0.37461973587671915,33,13
7,47,1.621693905234942,74.36548223350253,0.687229608297348,80.33333333333333,84.66666666666667,0.37461973587671915,33,14
7,48,1.4945138671676519,74.2808798646362,0.570084525346756,81.66666666666667,84.66666666666667,0.37461973587671915,33,15
7,49,2.1195845747155384,75.04230118443317,0.41477733572324116,84.33333333333334,84.66666666666667,0.37461973587671915,33,16
7,50,2.0054375153104265,74.11167512690355,0.5024049349625905,81.16666666666667,84.66666666666667,0.37461973587671915,33,17
7,51,1.7296119521414568,74.61928934010153,0.480867874622345,80.5,84.66666666666667,0.37461973587671915,33,18
7,52,1.7734544303665307,73.3502538071066,0.5137956301371257,83.0,84.66666666666667,0.37461973587671915,33,19
7,53,0.8786999182854409,77.15736040609137,0.44853749791781106,83.66666666666667,84.66666666666667,0.37461973587671915,33,20
8,1,0.7300601998964945,68.10490693739425,0.41267518182314233,78.16666666666666,78.16666666666666,0.41267518182314233,1,0
8,2,1.4228537592992767,70.30456852791879,0.4804835844039917,79.16666666666666,79.16666666666666,0.4804835844039917,2,0
8,3,3.4051852855585554,66.66666666666666,0.41748924016952516,78.5,79.16666666666666,0.4804835844039917,2,1
8,4,1.3798848863583935,71.40439932318104,0.5908354218800863,75.0,79.16666666666666,0.4804835844039917,2,2
8,5,2.112485296028318,71.31979695431471,0.3920401207605998,79.0,79.16666666666666,0.4804835844039917,2,3
8,6,1.431054363345535,71.99661590524535,0.6152249598503112,76.5,79.16666666666666,0.4804835844039917,2,4
8,7,2.606494574074818,72.25042301184433,0.6073444565137227,77.16666666666666,79.16666666666666,0.4804835844039917,2,5
8,8,1.6704995525770785,71.8274111675127,0.50082763671875,78.16666666666666,79.16666666666666,0.4804835844039917,2,6
8,9,1.5478405805206945,72.58883248730965,0.45107141733169553,78.16666666666666,79.16666666666666,0.4804835844039917,2,7
8,10,1.7490387089462247,74.02707275803722,0.5180823230743408,75.5,79.16666666666666,0.4804835844039917,2,8
8,11,1.653204999448079,69.79695431472082,0.48072450717290244,77.33333333333333,79.16666666666666,0.4804835844039917,2,9
8,12,1.6306174684902133,71.06598984771574,0.45571731249491376,80.0,80.0,0.45571731249491376,12,0
8,13,1.2354406185460776,72.50423011844332,0.9462062939008077,77.33333333333333,80.0,0.45571731249491376,12,1
8,14,1.7429259704353441,72.7580372250423,0.5190804394086203,77.66666666666666,80.0,0.45571731249491376,12,2
8,15,1.9546642778992855,72.25042301184433,0.63418830037117,75.83333333333333,80.0,0.45571731249491376,12,3
8,16,1.5943846125691474,72.33502538071066,0.7422921919822693,76.66666666666667,80.0,0.45571731249491376,12,4
8,17,1.7872487052443065,72.41962774957699,0.8796764914194742,77.16666666666666,80.0,0.45571731249491376,12,5
8,18,2.928585774301474,73.51945854483925,0.7534414045015971,76.66666666666667,80.0,0.45571731249491376,12,6
8,19,1.73739921855039,74.95769881556683,0.9182527240117391,78.16666666666666,80.0,0.45571731249491376,12,7
8,20,2.153580014274003,72.92724196277496,1.39261665503184,73.0,80.0,0.45571731249491376,12,8
8,21,1.9334265135871578,75.21150592216583,0.6455197056134542,79.16666666666666,80.0,0.45571731249491376,12,9
8,22,4.053163817893027,73.09644670050761,0.71662193497022,78.16666666666666,80.0,0.45571731249491376,12,10
8,23,1.6814377601376644,72.165820642978,0.8061903782685598,76.66666666666667,80.0,0.45571731249491376,12,11
8,24,3.7167402951144526,72.25042301184433,0.43044254342714944,80.66666666666666,80.66666666666666,0.43044254342714944,24,0
8,25,1.5689447984074174,75.21150592216583,0.5717846584320069,79.5,80.66666666666666,0.43044254342714944,24,1
8,26,1.7223086377287475,73.51945854483925,0.4340138244628906,80.33333333333333,80.66666666666666,0.43044254342714944,24,2
8,27,1.3628915150960286,74.78849407783417,0.5742903319994609,79.5,80.66666666666666,0.43044254342714944,24,3
8,28,2.142063824961028,73.18104906937394,0.6273314746220907,78.33333333333333,80.66666666666666,0.43044254342714944,24,4
8,29,1.4675681059533974,72.7580372250423,0.7069805932044982,77.83333333333333,80.66666666666666,0.43044254342714944,24,5
8,30,2.1588451823002193,73.3502538071066,1.2475370411078135,76.5,80.66666666666666,0.43044254342714944,24,6
8,31,2.2251432045361312,72.84263959390863,0.5718968172868093,78.5,80.66666666666666,0.43044254342714944,24,7
8,32,3.063019193065953,73.18104906937394,0.5661944230397542,79.0,80.66666666666666,0.43044254342714944,24,8
8,33,1.4412541954247076,74.45008460236888,0.5756451225280762,79.83333333333333,80.66666666666666,0.43044254342714944,24,9
8,34,2.2958781704331814,73.3502538071066,0.52729589899381,78.0,80.66666666666666,0.43044254342714944,24,10
8,35,1.1192733809830977,75.29610829103216,0.6618953943252563,78.5,80.66666666666666,0.43044254342714944,24,11
8,36,2.1329755625748996,73.77326565143824,0.588254367907842,80.16666666666666,80.66666666666666,0.43044254342714944,24,12
8,37,1.9880563806357925,71.40439932318104,0.41045933405558266,80.33333333333333,80.66666666666666,0.43044254342714944,24,13
8,38,1.2609067131621785,73.43485617597293,0.7618509415785472,77.83333333333333,80.66666666666666,0.43044254342714944,24,14
8,39,2.0527949621633024,76.73434856175973,0.43595463315645855,79.16666666666666,80.66666666666666,0.43044254342714944,24,15
8,40,1.7799447875740968,73.3502538071066,0.530006848971049,80.16666666666666,80.66666666666666,0.43044254342714944,24,16
8,41,1.7226224804892758,74.36548223350253,0.5533685914675395,79.0,80.66666666666666,0.43044254342714944,24,17
8,42,2.376804640853869,73.77326565143824,0.6956503037611643,78.16666666666666,80.66666666666666,0.43044254342714944,24,18
8,43,3.0549475014108896,73.85786802030458,0.6557275903224945,79.5,80.66666666666666,0.43044254342714944,24,19
8,44,1.237136239529463,74.78849407783417,0.4275866655508677,79.83333333333333,80.66666666666666,0.43044254342714944,24,20
9,1,0.8582242913859346,65.9052453468697,0.43728181840735486,73.16666666666667,73.16666666666667,0.43728181840735486,1,0
9,2,1.0985659021512304,70.13536379018612,0.46549067079995204,75.33333333333333,75.33333333333333,0.46549067079995204,2,0
9,3,0.9551352597836109,71.06598984771574,0.4638838738203049,74.66666666666667,75.33333333333333,0.46549067079995204,2,1
9,4,1.716066837260364,70.98138747884941,0.5040167498588563,74.16666666666667,75.33333333333333,0.46549067079995204,2,2
9,5,1.3835978470679668,67.85109983079526,0.5863628602027893,74.0,75.33333333333333,0.46549067079995204,2,3
9,6,1.8889650369658688,69.96615905245346,0.5256994597117106,75.83333333333333,75.83333333333333,0.5256994597117106,6,0
9,7,1.2485816289628218,70.55837563451777,0.787344110806783,72.33333333333334,75.83333333333333,0.5256994597117106,6,1
9,8,0.8789953580362543,72.7580372250423,0.8380168994267782,73.33333333333333,75.83333333333333,0.5256994597117106,6,2
9,9,1.398300769819221,70.98138747884941,0.8612065970897674,68.66666666666667,75.83333333333333,0.5256994597117106,6,3
9,10,2.185042048468808,71.48900169204738,0.6922910141944886,74.83333333333333,75.83333333333333,0.5256994597117106,6,4
9,11,1.3409902269364211,70.21996615905245,0.9337068851788839,74.5,75.83333333333333,0.5256994597117106,6,5
9,12,1.3835466729001145,70.47377326565145,0.5366815114021302,76.0,76.0,0.5366815114021302,12,0
9,13,2.577492167703593,69.88155668358715,0.7297512928644816,73.83333333333333,76.0,0.5366815114021302,12,1
9,14,1.2917104780976543,71.99661590524535,0.5995990562438965,75.83333333333333,76.0,0.5366815114021302,12,2
9,15,2.2843201233045702,71.99661590524535,0.6313452529907226,75.66666666666667,76.0,0.5366815114021302,12,3
9,16,1.769084905408159,70.72758037225042,0.7228582700093588,76.5,76.5,0.7228582700093588,16,0
9,17,2.347573448508322,69.37394247038917,0.524905153910319,75.5,76.5,0.7228582700093588,16,1
9,18,1.3937072034818065,71.91201353637902,1.0872206934293112,69.5,76.5,0.7228582700093588,16,2
9,19,1.5878798006553134,72.84263959390863,0.5512089522679647,76.83333333333333,76.83333333333333,0.5512089522679647,19,0
9,20,1.9115778448819711,72.7580372250423,0.5402217332522075,76.5,76.83333333333333,0.5512089522679647,19,1
9,21,2.337204874469544,72.33502538071066,0.4697186334927877,78.5,78.5,0.4697186334927877,21,0
9,22,1.6674434824038278,72.67343485617597,0.632824699083964,75.16666666666667,78.5,0.4697186334927877,21,1
9,23,0.9380757623114159,73.9424703891709,0.5177044375737508,75.83333333333333,78.5,0.4697186334927877,21,2
9,24,1.6056250795696794,72.50423011844332,0.7195719305674235,74.66666666666667,78.5,0.4697186334927877,21,3
9,25,1.6763218250976601,71.06598984771574,0.8340665531158448,74.5,78.5,0.4697186334927877,21,4
9,26,1.3594295994682764,73.77326565143824,0.47296597162882487,77.33333333333333,78.5,0.4697186334927877,21,5
9,27,1.9339157274330125,73.3502538071066,1.1690820296605429,72.0,78.5,0.4697186334927877,21,6
9,28,1.7668634873961435,73.09644670050761,0.5244735423723856,76.66666666666667,78.5,0.4697186334927877,21,7
9,29,1.8907778493038894,72.67343485617597,0.5418209910392762,78.0,78.5,0.4697186334927877,21,8
9,30,2.3841664990797864,72.84263959390863,0.9804736177126566,73.16666666666667,78.5,0.4697186334927877,21,9
9,31,2.806134421309037,70.89678510998309,0.8970037813981374,74.83333333333333,78.5,0.4697186334927877,21,10
9,32,2.5282146911532344,72.67343485617597,0.6780496815840403,76.83333333333333,78.5,0.4697186334927877,21,11
9,33,1.5070175247143973,73.85786802030458,0.5114958747227987,79.5,79.5,0.5114958747227987,33,0
9,34,1.1587488845923628,74.11167512690355,0.6027594224611919,76.66666666666667,79.5,0.5114958747227987,33,1
9,35,1.9145771469763289,74.5346869712352,0.9179457227389017,78.16666666666666,79.5,0.5114958747227987,33,2
9,36,2.2185002218950824,72.33502538071066,0.5219700853029887,79.83333333333333,79.83333333333333,0.5219700853029887,36,0
9,37,2.695680665687458,71.91201353637902,0.48123307784398395,79.0,79.83333333333333,0.5219700853029887,36,1
9,38,1.9985256941387093,71.91201353637902,0.45941747585932413,80.33333333333333,80.33333333333333,0.45941747585932413,38,0
9,39,1.8108777656974728,74.70389170896784,0.6283228913942973,77.5,80.33333333333333,0.45941747585932413,38,1
9,40,1.0231288140497836,75.38071065989847,0.5987640841801961,78.66666666666666,80.33333333333333,0.45941747585932413,38,2
9,41,2.544661609049376,73.01184433164129,0.6556244206428528,75.83333333333333,80.33333333333333,0.45941747585932413,38,3
9,42,1.8436688876595795,73.09644670050761,0.39544668515523274,78.83333333333333,80.33333333333333,0.45941747585932413,38,4
9,43,1.7113574741758066,74.19627749576988,0.3795528276761373,80.66666666666666,80.66666666666666,0.3795528276761373,43,0
9,44,1.9514797262330548,72.92724196277496,0.5780298272768657,76.33333333333333,80.66666666666666,0.3795528276761373,43,1
9,45,1.348750700099416,74.2808798646362,0.42961603005727134,78.33333333333333,80.66666666666666,0.3795528276761373,43,2
9,46,1.3450508011779205,75.7191201353638,0.49544785420099896,78.16666666666666,80.66666666666666,0.3795528276761373,43,3
9,47,2.6658980429374224,73.3502538071066,0.6716829371452332,75.66666666666667,80.66666666666666,0.3795528276761373,43,4
9,48,2.3691083212491826,73.09644670050761,0.5009230462710063,78.66666666666666,80.66666666666666,0.3795528276761373,43,5
9,49,0.9549047562676638,75.7191201353638,0.545575395822525,76.5,80.66666666666666,0.3795528276761373,43,6
9,50,1.3111849990492142,73.68866328257191,0.4919485282897949,77.33333333333333,80.66666666666666,0.3795528276761373,43,7
9,51,1.5618885613334965,74.95769881556683,0.4367765287558238,79.0,80.66666666666666,0.3795528276761373,43,8
9,52,1.598722202322003,73.43485617597293,0.464355579217275,79.83333333333333,80.66666666666666,0.3795528276761373,43,9
9,53,2.3533594321125455,73.3502538071066,0.5393744889895121,78.33333333333333,80.66666666666666,0.3795528276761373,43,10
9,54,0.8826698567812818,76.22673434856176,0.39571809927622476,77.5,80.66666666666666,0.3795528276761373,43,11
9,55,1.4314637848265885,74.70389170896784,0.7291205978393555,75.66666666666667,80.66666666666666,0.3795528276761373,43,12
9,56,1.127344707244544,74.45008460236888,0.6508758811155955,76.66666666666667,80.66666666666666,0.3795528276761373,43,13
9,57,1.8669537470728008,74.78849407783417,0.6768799463907877,76.0,80.66666666666666,0.3795528276761373,43,14
9,58,1.156459071712849,73.68866328257191,0.48550084471702576,80.66666666666666,80.66666666666666,0.3795528276761373,43,15
9,59,0.9855138365992435,76.31133671742809,0.4910104103883107,78.0,80.66666666666666,0.3795528276761373,43,16
9,60,1.415821091122232,74.61928934010153,0.6997466131051382,76.33333333333333,80.66666666666666,0.3795528276761373,43,17
9,61,1.2476472725521288,75.7191201353638,0.7307981193065644,77.33333333333333,80.66666666666666,0.3795528276761373,43,18
9,62,1.8977215481691958,73.09644670050761,0.7193566083908081,78.5,80.66666666666666,0.3795528276761373,43,19
9,63,1.0623638709083627,76.48054145516075,0.38550275087356567,80.33333333333333,80.66666666666666,0.3795528276761373,43,20
10,1,0.7291657930703332,66.92047377326566,1.4949059885739837,61.66666666666667,61.66666666666667,1.4949059885739837,1,0
10,2,0.9961983428892952,69.62774957698815,0.4260775965451959,79.16666666666666,79.16666666666666,0.4260775965451959,2,0
10,3,0.8754387246271479,70.05076142131979,0.47632394174721865,78.0,79.16666666666666,0.4260775965451959,2,1
10,4,1.1872848676747678,71.91201353637902,0.41955488820870407,77.66666666666666,79.16666666666666,0.4260775965451959,2,2
10,5,0.9066635232084697,72.84263959390863,0.47801437040170025,80.0,80.0,0.47801437040170025,5,0
10,6,1.4373561045038317,69.88155668358715,0.4164687216281383,79.5,80.0,0.47801437040170025,5,1
10,7,2.192270769080535,70.47377326565145,0.39603341817855836,80.66666666666666,80.66666666666666,0.39603341817855836,7,0
10,8,1.6300075715770173,71.31979695431471,0.5029842225710551,78.66666666666666,80.66666666666666,0.39603341817855836,7,1
10,9,1.251209858407829,69.37394247038917,0.5838469179471334,73.66666666666667,80.66666666666666,0.39603341817855836,7,2
10,10,0.7985192627067695,73.01184433164129,0.3952371621131897,79.33333333333333,80.66666666666666,0.39603341817855836,7,3
10,11,1.3331782636303586,70.38917089678512,0.433955253163972,82.33333333333334,82.33333333333334,0.433955253163972,11,0
10,12,1.2685966952097194,72.25042301184433,0.548318551381429,76.66666666666667,82.33333333333334,0.433955253163972,11,1
10,13,1.6396217603368808,71.65820642978004,0.5388273557027181,77.5,82.33333333333334,0.433955253163972,11,2
10,14,0.9816735346002627,73.18104906937394,0.5011494557062784,76.33333333333333,82.33333333333334,0.433955253163972,11,3
10,15,1.0020953200997031,71.74280879864637,0.5286140616734822,77.16666666666666,82.33333333333334,0.433955253163972,11,4
10,16,1.1806978935315928,70.89678510998309,0.577646709283193,76.33333333333333,82.33333333333334,0.433955253163972,11,5
10,17,1.599965525762684,71.65820642978004,0.47602584064006803,77.66666666666666,82.33333333333334,0.433955253163972,11,6
10,18,1.7261967375597171,70.55837563451777,0.46918113112449644,79.0,82.33333333333334,0.433955253163972,11,7
10,19,1.5875117894760042,71.15059221658207,0.5693807156880697,77.0,82.33333333333334,0.433955253163972,11,8
10,20,2.064909550391276,70.89678510998309,0.5077836815516154,77.83333333333333,82.33333333333334,0.433955253163972,11,9
10,21,1.61502355896882,71.48900169204738,0.37101298530896476,81.33333333333333,82.33333333333334,0.433955253163972,11,10
10,22,0.7710881622007051,73.9424703891709,0.5515497247378032,75.5,82.33333333333334,0.433955253163972,11,11
10,23,1.870758123910165,71.57360406091371,0.48521283944447835,78.16666666666666,82.33333333333334,0.433955253163972,11,12
10,24,1.7381880810317252,71.65820642978004,0.6545100474357605,74.16666666666667,82.33333333333334,0.433955253163972,11,13
10,25,1.2531160186793397,73.60406091370558,0.5672875889142355,78.16666666666666,82.33333333333334,0.433955253163972,11,14
10,26,1.20664398929391,70.47377326565145,0.4752552644411723,78.83333333333333,82.33333333333334,0.433955253163972,11,15
10,27,2.0903136190625817,70.98138747884941,0.5483138680458068,75.83333333333333,82.33333333333334,0.433955253163972,11,16
10,28,1.2768102100657932,72.92724196277496,0.4682633924484253,78.33333333333333,82.33333333333334,0.433955253163972,11,17
10,29,1.7521683175350002,71.74280879864637,0.6413111559549968,77.5,82.33333333333334,0.433955253163972,11,18
10,30,1.2617306384540048,70.81218274111674,0.4740765619277954,78.66666666666666,82.33333333333334,0.433955253163972,11,19
10,31,1.265624854467847,72.41962774957699,0.4696026333173116,79.0,82.33333333333334,0.433955253163972,11,20
